product_id,product_name,aisle_id,department_id,price
1,Chocolate Sandwich Cookies,61,19,12.56
2,All-Seasons Salt,104,13,28.86
3,Robust Golden Unsweetened Oolong Tea,94,7,25.67
4,Smart Ones Classic Favorites Mini Rigatoni With Vodka Cream Sauce,38,1,39.6
5,Green Chile Anytime Sauce,5,13,42.96
6,Dry Nose Oil,11,11,40.04
7,Pure Coconut Water With Orange,98,7,24.82
8,Cut Russet Potatoes Steam N' Mash,116,1,22.46
9,Light Strawberry Blueberry Yogurt,120,16,17.62
10,Sparkling Orange Juice & Prickly Pear Beverage,115,7,10.89
11,Peach Mango Juice,31,7,29.19
12,Chocolate Fudge Layer Cake,119,1,34.19
13,Saline Nasal Mist,11,11,40.74
14,Fresh Scent Dishwasher Cleaner,74,17,10.8
15,Overnight Diapers Size 6,56,18,44.95
16,Mint Chocolate Flavored Syrup,103,19,40.64
17,Rendered Duck Fat,35,12,28.79
18,Pizza for One Suprema  Frozen Pizza,79,1,25.47
19,Gluten Free Quinoa Three Cheese & Mushroom Blend,63,9,37.51
20,Pomegranate Cranberry & Aloe Vera Enrich Drink,98,7,25.22
21,Small & Medium Dental Dog Treats,40,8,29.31
22,Fresh Breath Oral Rinse Mild Mint,20,11,21.86
23,Organic Turkey Burgers,49,12,23.05
24,Tri-Vi-Sol® Vitamins A-C-and D Supplement Drops for Infants,47,11,16.51
25,Salted Caramel Lean Protein & Fiber Bar,3,19,19.34
26,Fancy Feast Trout Feast Flaked Wet Cat Food,41,8,14.61
27,Complete Spring Water Foaming Antibacterial Hand Wash,127,11,22.47
28,Dry Nose Oil,11,11,50
29,Organic Turkey Burgers,49,12,20
30,Tri-Vi-Sol® Vitamins A-C-and D Supplement Drops for Infants,47,11,21
31,Salted Caramel Lean Protein & Fiber Bar,3,19,22
32,Fancy Feast Trout Feast Flaked Wet Cat Food,41,8,23
14,Fresh Scent Dishwasher Cleaner,74,17,10.8
15,Overnight Diapers Size 6,56,18,44.95
16,Mint Chocolate Flavored Syrup,103,19,40.64
17,Rendered Duck Fat,35,12,28.79
18,Pizza for One Suprema  Frozen Pizza,79,1,25.47
19,Gluten Free Quinoa Three Cheese & Mushroom Blend,63,9,37.51
20,Pomegranate Cranberry & Aloe Vera Enrich Drink,98,7,25.22
22,Fresh Breath Oral Rinse Mild Mint,20,11,21.86
23,Organic Turkey Burgers,49,12,23.05
24,Tri-Vi-Sol® Vitamins A-C-and D Supplement Drops for Infants,47,11,16.51
5,Green Chile Anytime Sauce,5,13,42.96
6,Dry Nose Oil,11,11,40.04
7,Pure Coconut Water With Orange,98,7,24.82
8,Cut Russet Potatoes Steam N' Mash,116,1,22.46
